ID,Title,Authors,Venue,Venue Type,Year,Source (query/snowballing),Read Title?,Read Abstract?,Read Whole?,Inclusion Criterion 1,Inclusion Criterion 2,Exclusion Criterion 1,Exclusion Criterion 2,Exclusion Criterion 3,Exclusion Criterion 4,Exclusion Criterion 5,Exclusion Criterion 6,Exclusion Criterion 7,Snowballing applied?,Notes
1,Analysis of the Android Architecture,"Stefan, Brahler",,journalArticle,2010,Q,o,,,,,,x,,,,,,,It's a book
2,Penerapan Service Oriented Architecture Menggunakan Web Service Pada Aplikasi Perpustakaan Berbasis Android,"Christanto, Ari Tunggul Sri; Kurniawati, Rachel",,journalArticle,2016,Q,o,,,,,,,x,,,,,,Not in English
3,"Analysis of the Android architecture, Karlsruher Institut für Technologie KIT, 2010","Brahler, S",,book,,Q,o,,,,,,x,,,x,,,,Duplication of ID:1
4,"Android augmented reality applications in extensible, flexible, and adaptable architecture","Araujo, Tiago; Carneiro, N; Miranda, B; Santos, CG; Meiguins, Bianchi Serique",,conferencePaper,2015,Q,o,,,,,,,x,,,,,,Not in English
5,Применение подхода CLEAN ARCHITECTURE при разработке Android-приложений: аннотация к дипломной работе,"Шаповалов, Евгений Сергеевич",,journalArticle,2017,Q,o,,,,,,,x,,,,,,Not in English
6,Clean architecture y RxJava en Android,"González Dı́ez, Marc",,journalArticle,2016,Q,o,,,,,,,x,,,,,,Not in English
7,Application of Android Architecture Components on a Kids Educational Game,"Sopčić, Marko","Fakultet elektrotehnike i računarstva, Sveučilište u Zagrebu",thesis,2018,Q,o,,,,,,,x,x,,,,,Not in English; Not peer-reviewed
8,"ARCA project. Architecture of resilience and community accommodation. Android-resilience shelter: strutture temporanee per l'emergenza abitativa, resilienti e ad elevate prestazioni termodinamiche","LUMINA, FEDERICO FLAVIO; POLESE, ILARIA; MUTTI, ELISA",,journalArticle,2015,Q,o,,,,,,,x,,,,,,Not in English
9,Android Application Development following the MVC Architecture,"Yeo, Se-Hwan; Kim, Jung-Sun",Korean Institute of Information Scientists and Engineers,conferencePaper,,Q,o,,,,,,,,,,x,,,Not available
10,應用服務導向架構規劃與設計行動化憑證簽核平台-以 Android 手機為例; Planning and Designing of Mobile Approval Platform on Android Phones by Using Application Service-oriented Architecture,楊國斌; others,,thesis,2011,Q,o,,,,,,,x,x,,,,,Not in English; Not peer-reviewed
11,ANALISIS DAN IMPLEMENTASI SERVICE-ORIENTED ARCHITECTURE (SOA) DENGAN WEB SERVICE RESTFUL DALAM PERANCANGAN APLIKASI CLAPOIS BERBASIS ANDROID,"Safira, Cut Dirayati",,journalArticle,2016,Q,o,,,,,,,x,,,,,,Not in English
12,CLEAN ARCHITECTURE Y RXJAVA EN ANDROID,"Dıez, Marc González",,journalArticle,,Q,o,,,,,,,x,,x,,,,Not in English; Duplication of ID:6
13,Optimization for Android graphics system based on domestic Unicore architecture,凌明; 武建平; 柳琦; 杨晓东; 张阳,,journalArticle,2012,Q,o,,,,,,,x,,,,,,Not in English
14,Functional security in an ANDROID mobile architecture,"Kazymyr, Volodymyr; Karpachev, Ihor",,journalArticle,2015,Q,o,,,,x,,,,,,,,,Not about software architecture
15,APLIKASI PEMESANAN MAKANAN DAN MINUMAN RESTAURANT BERBASIS CLIENT SERVER DENGAN PLATFORM ANDROID DAN PHP MENGGUNAKAN METODE CENTRALIZED DBMS ARCHITECTURE,"Utama, Deni; Johar, Asahar; Coastera, Funny Farady",,journalArticle,2016,Q,o,,,,,,,x,,,,,,Not in English
16,"Creación de una guía para la utilización de la arquitectura “clean architecture” en aplicaciones Android con lenguaje de programación Java, utilizando como modelo la implementación de un prototipo de monitoreo deportivo para un equipo de ultimate","Torres, José Cruz; González, Euclides Samaniego",,journalArticle,2018,Q,o,,,,,,,x,,,,,,Not in English
17,FAUST2ANDROID: UNE ARCHITECTURE FAUST POUR ANDROID,"Michon, Romain",,journalArticle,,Q,o,,,,,,,x,,,,,,Not in English
18,Hardware Architecture of Mobile Terminal Devices Based on Google Android,"Zorić, Petra","Fakultet prometnih znanosti, Sveučilište u Zagrebu",thesis,2014,Q,o,,,,,,,x,x,,x,,,Not in English; Not peer-reviewed; Not available
19,Advanced Android Architecture Components,"Novina, Marko","Fakultet elektrotehnike i računarstva, Sveučilište u Zagrebu",thesis,2018,Q,o,,,,,,,x,x,,x,,,Not in English; Not peer-reviewed; Not available
20,Architecting mobile enterprise app: a modeling approach to adapt enterprise applications to the mobile,"Dugerdil, Philippe",ACM,conferencePaper,2013,Q,o,o,,x,,,,,,,,,,Not about Android
21,CREATING AND PORTING NDK-BASED ANDROID* APPLICATIONS FOR IN℡® ARCHITECTURE.,"Ozhdikhin, Pavel; Shkurko, Dmitry",,journalArticle,2014,Q,o,,,,,,,,,,x,,,Not available
22,Unveiling the Architecture and Design of Android Applications,"Campos, Edmilson; Kulesza, Uirá; Coelho, Roberta; Bonifácio, Rodrigo; Mariano, Lucas","SCITEPRESS-Science and Technology Publications, Lda",conferencePaper,2015,Q,o,o,,x,x,,,,,,,,YES,
23,Bots: An Application Enhancement to Android Architecture,"Vikal, Sachin; Sharma, Pankaj; Singh, Divyapal",,journalArticle,,Q,o,o,,,x,,,,,,,,,Not about software architecture
24,ANDROID APPLICATION DEVELOPMENT SERVICES AT AROKIA AND ITS ARCHITECTURE,"Kaur, Pavandeep; Ansari, Lubna; Sharma, Amit",,journalArticle,,Q,o,o,,,x,,,,,,,,,Not about software architecture
25,ARCHITECTURE FOR MOBILE MARKETING IN ANDROID: ADVERTISING THROUGH BUSINESS IN℡LIGENCE.,"Renato de Faria, Paulo",,journalArticle,2012,Q,o,o,,,x,x,,,,,,,,Not about software architecture
26,Security Architecture for a Secure Database on Android,"Park, Jin Hyung; Yoo, Seok-Man; Kim, In Seok; Lee, Dong Hoon",,journalArticle,2018,Q,o,o,,x,x,,,,,,,x,,Presents own architecture
27,An Architecture for End-to-end Encryption of GSM-based Voice Calls in Android and Its Implementation,"Burns, Ian",New Mexico Institute of Mining and Technology,thesis,2012,Q,o,,,,,,,,x,,x,,,Not peer-reviewed; Not available
28,Study on the Architecture of a Mobile Android Platform for Local Intangible Culture–A Case Study of Jishou University,"Zhou, Qing-Ping; Kang, Guo-Dong; Zhong, Jian; Zhang, Yan-Liang",IEEE Computer Society,conferencePaper,2013,Q,o,,,x,x,,,,,,x,,,Not available
29,Integrating a service architecture based on OSGI within Android platforms,"Paradinas, Pierre; Bouzefrane, Samia; Huang, Dijiang",,conferencePaper,2011,Q,o,,,x,x,,,,,,x,,,Not available
30,Functional security in an ANDROID mobile architecture,"Карпачев, ІІ; Казимир, ВВ",,journalArticle,2015,Q,o,,,,,,,,,,,,,Not about software architecture; Duplication of ID:14
31,UHI boot protocol implementation in Android emulator for MIPS architecture,"Ferenc, Goran Z; Dinic, Miodrag D; Markovic, Aleksandar I; Jovanovic, Petar D",IEEE,conferencePaper,2017,Q,o,o,,,x,,,,,,,,,Not about software architecture
32,Instruction-level Acceleration for Drawing Operations of Android System Based on Domestic Unicore Architecture,"LING, Ming; WU, Jian-ping; WANG, Meng-meng",,journalArticle,2013,Q,o,,,,,,,,,,x,,,Not available
33,Implementation of an IP Mobility Support Function Considering Portability to Android Terminals (Internet Architecture),"Ukida, Yuta; Ohishi, Yasuhiro; Maeda, Kaori",,journalArticle,2015,Q,o,,,,,,,x,,,,,,Not in English
34,Android vs. IOS: An Architectural Perspective,"Singh, AJ; Bhardwaj, Akshay",,journalArticle,2014,Q,o,,,,,,,,,,,,,Not focused on Android or software architecture
35,Algorithm and Implementation of Education Platform Client/Server Architecture Based on Android System,"Liang, Yan",IEEE,conferencePaper,2018,Q,o,,,,,,,,,,,,,Not focused on Android or software architecture; Focus was on something based on Android architecture
36,Functional security in an ANDROID mobile architecture,"Казимир, ВВ; Карпачев, ІІ",,journalArticle,2015,Q,o,,,,,,,,,,,,,Not about software architecture; Duplication of ID:14
37,Integration and optimization of Android applications based on service-oriented architecture,"Hu, Hao; Song, Jinran",IEEE,conferencePaper,2016,Q,o,o,,x,x,,,,,,,x,,Presents own architecture
38,Android: Designing issues of Advanced RISC Machine Architecture,"Ranjan, Nikhil",,journalArticle,,Q,o,,,,,,,,,,x,,,Not available
39,"Cloud-Based Mobile App Testing Framework: Architecture, Implementation and Execution","Villanes, Isabel Karina; Meireles, Silvia; Dias-Neto, Arilo Claudio",,journalArticle,,Q,o,o,,,,,,,,,,,,Not focused on Android or software architecture
40,Next generation media: A user friendly Android tablet application for business architecture modeling,"Dumeez, Joost",GHENT UNIVERSITY,thesis,2013,Q,o,,,,,,,,x,,,,,Not peer-reviewed
41,Android Security Architecture,"Gunasekera, Sheran",Springer,bookSection,2012,Q,o,,,,,,x,,,,,,,It's a book
42,Android/Matlab Data Exchange Middleware Architecture,"CHEN, Guo-liang; WU, Yun-ping",,journalArticle,2014,Q,o,,,,,,,,,,x,,,Not available
43,"CAMPUS PUSH-AN ANDROID IMPLEMENTATION OF LOCATION AWARE, POLICY DRIVEN AND CONTEXT AWARE ARCHITECTURE","Ravindran, Roopkala; Qazi, Nitika; Atre, Vinita; Narkar, Sagar; Rohira, Jayesh",,journalArticle,,Q,o,o,,,x,,,,,,,,,Not focused on software architecture
44,Implementation of MVC Architecture to an Android Application,"Gautam, Jaya; Bhatia, Paritosh; Kaur, Navdeep",,journalArticle,,Q,o,,,,,,,,,,x,,,Not available
45,Android Architecture,"Michael, Y Morckos",,journalArticle,2009,Q,o,,,,,,,,,,x,,,Not available
46,Scalable Software Architecture for the Android Beyond the Stratosphere Satellite Network,"Prat i Sala, Arnau",Universitat Politècnica de Catalunya,thesis,2015,Q,o,,,,,,,,x,,,,,Not peer-reviewed
47,A client-server architecture for distributed and scalable multimedia content analysis: an Android app for assisting phone users in shooting aesthetically valuable pictures,"García Ardiles, Gabriel",,thesis,2016,Q,o,,,,,,,,x,,,,,Not peer-reviewed
48,Android 4.0. 3 System Architecture of the ADC Based on Cortex-A8,"Wu, ZHANG",,journalArticle,2013,Q,o,,,,,,,,,,x,,,Not available
49,OPTIMIZING BATTERY USAGE OF SMARTPHONES BY EFFICIENT DESIGN OF NEXT GENERATION ANDROID APPLICATION ON CLOUD ARCHITECTURE,"SINGLA, VANDNA",,journalArticle,,Q,o,o,o,x,,,,,,,,,,Not focusing on Android Architecture
50,Design an Interactive System for Computer Architecture Organization in E-learning Using Android Based Application Platform,"Low, Wai Yik",Universiti Tun Hussein Onn Malaysia,thesis,2014,Q,o,,,,,,,,x,,,,,Not peer-reviewed
51,Puzzle game using Android MVVM Architecture,"Maharjan, Bikesh",,journalArticle,2012,Q,o,,,,,,,,x,,,,,Not peer-reviewed
52,,"LIM, Young Chul; KANG, Minsung",,journalArticle,,Q,,,,,,,,,,,x,,,Not available
53,ARCHITECTURAL COMPARISON–A CASE STUDY BETWEEN ANDROID & IOS,"Gupta, Ankit",,journalArticle,,Q,o,,,,,,,,,,,,,Not focused on software architecture
54,Android Architecture and Related Security Risks,"Khan, Jamil; Shahzad, Sara",,journalArticle,2015,Q,o,o,,x,,,,,,,,,,Not focused on (non-trivial) aspects of Android Architecture
55,Unveiling the Architecture and Design of Android Applications-An Exploratory Study.,"Neto, Edmilson Campos; Kulesza, Uirá; Coelho, Roberta; Bonifácio, Rodrigo; Mariano, Lucas",,conferencePaper,2015,Q,o,o,,,,,,,,x,,,,Duplication of ID:22
56,Design of Tourism Information System with B/S and C/S Architecture based on Android and Web Platform,"Dou, Xuechen; Yanga, Yonggang; Zhou, Weibin; Zhaoc, Zilong; Chend, Xiaoyan; Youe, Guodong",,journalArticle,2017,Q,o,o,,,,,,,,,,,,Not focused on Android or software architecture
57,ARCHITECTURE FOR MOBILE MARKETING IN ANDROID: ADVERTISING THROUGH BUSINESS IN℡LIGENCE,"de Faria, Paulo Renato",,journalArticle,2012,Q,o,o,,,,x,,,,x,,,,Not about software architecture; Duplication of ID:25
58,A Mobile App Architecture for Student Information System.,"Taneja, Shilpi; Goel, Anita",,journalArticle,2015,Q,o,o,,,,,,,,,,,,Not focused on Android or software architecture; Presents their own app
59,A Pluggable Mobile IPTV Device Management Architecture on Google Android,"Ahn, Heejune; Jeong, Seungho; Choi, Wanbok",,journalArticle,2010,Q,o,o,,,,,,,,,x,,,Not available
60,An Architecture for Mobile App and Cloud Service Integration.,"Hu, Kevin; Huang, Cheng-Chieh",,conferencePaper,2014,Q,o,,,,,,,,,,x,,,Not available
61,Agro-escalation android-web architecture,"Choudhari, Nikita; Kute, Ruchika Sanchetiand Tushar B",,journalArticle,2014,Q,o,o,,,,,,,,,,,,Not focused on Android or software architecture; Presents their own app
62,"Architecture for generic turn-based game service on Google App Engine, used for Android based games","Hansen, Peer Bech",,journalArticle,2013,Q,o,,,,,,,,,,x,,,Not available
63,Functional security in an ANDROID mobile architecture,"Каrpachev, Ihor; Kazymyr, Volodymyr",,journalArticle,2015,Q,o,,,,,,,,,x,,,,Not about software architecture; Duplication of ID:14
64,An android architecture for bio-inspired honest signalling in Human-Humanoid Interaction,"Sorbello, Rosario; Tramonte, Salvatore; Calí, Carmelo; Giardina, Marcello; Nishio, Shuichi; Ishiguro, Hiroshi; Chella, Antonio",,journalArticle,2018,Q,o,o,,,,,,,,,,,,Not focused on Android or software architecture; Presents their own app
65,Development and Research of Application Programming Based on Android Platform Architecture [J],"Yan-sui, DU",,journalArticle,2013,Q,o,,,,,,,,,,x,,,Not available
66,AN ARCHITECTURAL APPROACH FOR QUALITY IMPROVING OF ANDROID APPLICATIONS DEVELOPMENT WHICH IMPLEMENTED TO COMMUNICATION APPLICATION FOR MECHATRONICS ROBOT LABORATORY ONAFT,"Makarenko, V; Olshevska, O; Kornienko, Yu",,journalArticle,2017,Q,o,o,,x,x,,,,,,,,,
67,Lecture Games: Designing a Game Development Framework for Teaching Software Architecture on the Android Platform,"Ruud, Anders Hartvoll",Institutt for datateknikk og informasjonsvitenskap,thesis,2009,Q,o,,,,,,,,x,,x,,,Not peer-reviewed; Not available
68,"Android App With Integration Of Quickblox XAMPP Chatting, Google GCM And Client-Server Architecture","Ghule, Khandu; Tikone, Niteen; Sonar, Saurabh; Ghate, Babloo; Sonone, Shubhangi",,journalArticle,,Q,o,o,,,,,,,,,,,,Not focused on Android or software architecture; Presents their own app
69,Modular Software Architecture for Connected Devices The Development of a Model for Connecting a Device to the Android Platform,"Alhassani, Lobna; Gustafsson Sköldin, Maria",Chalmers University of Technology,thesis,2012,Q,o,,,,,,,,x,,,,,Not peer-reviewed
70,Finding architectural flaws in android apps is easy,"Vanciu, Radu; Abi-Antoun, Marwan",ACM,conferencePaper,2013,Q,o,o,,x,x,,x,,,,,,,Tool demo
71,"WAP, HTTP and HTML5 Web Socket Architecture Analysis in Contemporary Mobile App Development","Eke, BO",,journalArticle,,Q,o,o,,x,,,,,,,,,,Not focused on Android
72,Android Basic Architecture including Operating System using their Application,"Zamani, Abu Sarwar; Akhtar, Md Mobin; Siddique, Ahmad Talha; Tanweer, Safdar",,journalArticle,2012,Q,o,o,,,,,x,,,,,,,"Editorial, not detailed enough"
73,Architecture Modeling and Analysis of Security in Android Systems,"Malek, Sam; Cámara, Javier; Garlan, David",Springer,conferencePaper,2016,Q,o,o,,x,x,,,,,,,,YES,
74,Structuring Android applications: architectural design patterns for rapid development and bug-free and products,"Madhvani, Anthony",,journalArticle,2016,Q,o,,,,,,,,,,x,,,Not available
75,Proposed An Architecture: Android Based Hardware Abstraction Layer (HAL),"Siddiqui, Ahmad Talha",,journalArticle,,Q,o,,,,,,,,,,x,,,Not available
76,Architecture for high performance stereoscopic game rendering on Android,"Flack, Julien; Sanderson, Hugh; Shetty, Sampath",International Society for Optics and Photonics,conferencePaper,2014,Q,o,o,,x,x,,,,,,,,,
77,Mobile Forensics: An analysis of Android architecture and evidence integrity,"Mera, Alejandro",,journalArticle,2015,Q,o,o,,x,x,,,,,,,,,
78,A cloud-based architecture to crowdsource mobile app privacy leaks,"Damopoulos, Dimitrios; Kambourakis, Georgios",,journalArticle,,Q,o,o,,x,,,,,,,,,,Not focused on just Android
79,Architectural pattern for native android applications,"Fernandes, Sergio Martins; Mendes, Paulo Jose",,journalArticle,2017,Q,o,,,,,,,,,,x,,,Not available
80,A Lightweight OS-Level Virtualization Architecture Based on Android,"LIU, Bo-wen; GU, Nai-jie; GU, De-he",,journalArticle,2017,Q,o,o,,,,,,,,,,,,Not focused on Android or software architecture; Presents their own app
81,An Architecture for Android-based Mobile Service Applications,"Kim, Soo-Dong; La, Hyun-Jung",,journalArticle,2006,Q,o,,,,,,,,,,x,,,Not available
82,A Study on Design Techniques of Gaming Service Architecture with Android-base,"Ryu, Chang-Su; Hur, Chang-Wu",,journalArticle,2012,Q,o,,,,,,,x,,,,,,Not in english
83,Developing a Message Interface Architecture for Android Operating Systems,"Ahamed, Mithun",,journalArticle,2015,Q,o,o,,x,,,,,,,,,,Not focused on software architecture
84,Virtualizing Graphics Architecture of Android Mobile Platforms in KVM/ARM Environment,"Park, Sejin; Park, Byungsu; Lee, Unsung; Park, Chanik",,journalArticle,2017,Q,o,o,,,x,,,,,,,,,"Not focused on software architecture, more on virtualization"
85,ARobust CLIENT ARCHITECTURE ON ANDROID TO CATER END-2-END REAL-TIME CONTENT MANAGEMENT AND PERSONALIZED IPTV SERVICES TO MOBILE INTERNET DEVICES,"Anand, Vijay",,journalArticle,,Q,o,o,,,,,,,,,,,,Not focused on Android or software architecture; Presents their own app
86,Reduction of Quantum Cost by Making Temporary Changes to the FunctionVirtualizing Graphics Architecture of Android Mobile Platforms in KVM/ARM EnvironmentWell-Balanced Successive Simple-9 for Inverted Lists CompressionOntology-Based Driving Decision Making: A Feasibility Study at Uncontrolled IntersectionsZero-Shot Embedding for Unseen Entities in Knowledge GraphMulti-View 3D CG Image Quality Assessment for Contrast Enhancement Based on S-CIELAB Color SpaceA Single Image Super-Resolution Algorithm Using Non-Local-Mean Self-Similarity and Noise-Robust Saliency MapEnhancing Underwater Color Images via Optical Imaging Model and Non-Local Means DenoisingA New Sentiment Case-Based RecommenderEffect of Additive Noise for Multi-Layered Perceptron with AutoEncodersA Spatiotemporal Statistical Model for Eyeballs of Human EmbryosSimultaneous Processing of Multi-Skyline Queries with MapReduceFinding the Minimum Number of Open-Edge Guards in an Orthogonal Polygon is NP-HardA Toolset for Validation and Verification of Automotive Control Software Using Formal PatternsIntegrated Collaborative Filtering for Implicit Feedback Incorporating CovisitationMaximizing the Profit of Datacenter Networks with HPFFBimodal Vein Recognition Based on Task-Specific Transfer LearningSmall Group Detection in Crowds using Interaction InformationScene Character Recognition Using Coupled Spatial LearningDualized Topic-Preserving Pseudo Relevance Feedback for Question Answering,"HAN, Kyoung-Soo",,journalArticle,,Q,o,o,,,,,,,,x,,,,Duplication of ID:84
87,Architecture of Android OS,"Pourtalebi, Shahab",,journalArticle,,Q,o,,,,,,x,,,,,,,Poster
88,Reactive Programming and Clean Architecture in Android Development,"Bui, Duy",,journalArticle,2017,Q,o,,,,,,,,x,,,,,Not peer-reviewed
89,Evaluation of a Software Architecture Supporting Android Applications for Users with Motor Disabilities,"Machado-Neto, Olibário José; Maria da Graça, C Pimentel",,journalArticle,2017,Q,o,o,,,,,,,,,,,,Literature review
90,ANovel SCALABLE ARCHITECTURE ON ANDROID TO CATER END-2-END IMS SERVICES TO AUDIO VIDEO TERMINALS,"Anand, Vijay",,journalArticle,,Q,o,o,,x,x,,,,,,,,,
91,Exploring a Disconnected Synchronization Architecture Between Android Client and Cloud,"Nadagouda, Pratik; PHADNIS, SAURABH",,journalArticle,2015,Q,o,o,,x,x,,,,,,,,,
92,Design and Implementation of Android-based MobileSecond Platform Architecture & its Smart Care Service,"Kook, Joongjin; Kim, Jinman; Lee, Eui Chul",,journalArticle,2017,Q,o,o,,x,,,,,,,,,,Not focused on Android
93,Design of Game Application using Android Architecture,"Narlawar, Shital V; Chopade, Sonal G; Vikhore, Vaishnavi C; Kahate, Sandip A",,journalArticle,2013,Q,o,o,,x,x,,,,,,,,,
94,Design and Implementation of an Android Mobile-Learning System Based on Mixed Architecture,"Zhi-yuan, ZHANG",,journalArticle,2013,Q,o,,,,,,,,,,x,,,Not available
95,Android Benchmarking for Architectural Research,"Jenkins, Ira Ray",,journalArticle,2012,Q,o,,,,,,,,x,,,,,Not peer-reviewed
96,Research on Android system architecture and application development,"Jing, Zhao",,journalArticle,2017,Q,o,,,,,,,,,,x,,,Not available
97,Architecture and Prototypical Realization of NFC-based Indoor Positioning with Android and Google Maps,"Fabini, Joachim; Russ, Reinhard; Wallentin, Lukas",,journalArticle,,Q,o,,,,x,,,,,,,,,Not focused on software architecture
98,An Aggregate Functional Software Architecture on Android for End-2-End Real-Time Interactive Content Management to Cater IPTV Services on Digital Handheld Devices,"Patel, Keyurkumar J; Anand, S Vijay",IEEE,conferencePaper,2010,Q,o,o,,x,x,,,,,,,,,
99,Identifying Architectural Technical Debt in Android Applications through Automated Compliance Checking,"Verdecchia, Roberto",,journalArticle,2018,Q,o,o,,x,x,,,,,,,,,
100,A High Q&S RTSP Server’s Architecture and Implementation Based On Android,"Zhang, Yang; Hong, Zhiguo; Lv, Ning",Atlantis Press,conferencePaper,2014,Q,o,o,,,x,,,,,,,,,Not focused on software architecture
101,Technical Comparison Between Android And IOS With Respect to Their Architecture,"Ahmed, B; Awais, M",,journalArticle,2012,Q,o,,,,,,,,,,x,,,Not available
102,"The third Geological Team of Guangdong Geological Bureau; School of Architectural and Surverying&Mapping Engineering, Jiangxi University of Science and Technology;; Realization of the field data collection and navigation system for internship based on ArcGIS for Android","ZHANG, Hai-rui; Xue-rao, WU; Xiao-ji, LAN",,journalArticle,2015,Q,o,,,,,,,,,,x,,,Not available
103,Comparison of Android OS and Minix internal architecture,"Motlhabi, Michael B",,book,,Q,o,o,,,,,x,,,,,,,It's a book
104,Android Architecture and Binder,"Pandiyan, Dhinakaran; Paranjape, Saketh",,book,2010,Q,o,o,,,,,x,,,,,,,It's a book
105,INSTALLING THE ANDROID* SDK FOR IN℡® ARCHITECTURE.,"Cohen, Ryan",,journalArticle,2014,Q,o,,,,,,,,,,x,,,Not available
106,Android Application Development Processes and Tool Chains for Intel® Architecture,"Cohen, Ryan; Wang, Tao",Springer,bookSection,2014,Q,o,o,,,,,x,,,,,,,It's a book
107,An Architecture for Trusted Computing for Android Operating Systems,"Liu, Weiran; Liu, Jianwei",,journalArticle,2013,Q,o,,,,,,,,,,x,,,Not available
108,Design of Information Interaction System Based on Android and JAVA EE architecture,"Liu, Hongxia",,conferencePaper,2015,Q,o,o,,x,,,,,,,,,,Not focused on Android
109,Android Architecture For Beginners,"Romanovsky, Leon",,journalArticle,2013,Q,o,o,,,,,x,,,,,,,Slides/Tutorial
110,Identifying Architectural Technical Debt in Android Applications through Compliance Checking,"Verdecchia, Roberto",,journalArticle,2018,Q,o,,,,,,,,,x,,,,Duplication of ID:99
111,"Platform Architecture Portfolio: Comparisn of 3 Platforms (Android, iOS, mobile Ubuntu).","Häring, Marlo",,conferencePaper,2013,Q,o,,,x,,,,,,,,,,Not focused on Android
112,Data driven architecture based automated test generation for Android mobile,"Anbunathan, R; Basu, Anirban",IEEE,conferencePaper,2015,Q,o,o,,,x,,,,,,,,,Not focused on software architecture
113,Proposed Architecture and the Development of Nfcafe: an Nfc-based Android Mobile Applications for Trading Transaction System in Cafetaria,"Nadra, Fikrul Arif; Kurniawan, Heri; Hilman, Muhammad Hafizhuddin",,journalArticle,2013,Q,o,o,,,x,,,,,,,,,Not focused on software architecture
114,Implementation of Mobile-Cloudlet-Cloud Architecture for Face Recognition in Cloud Computing using Android Mobile,"Bhatnagar, Priya; others",,journalArticle,2013,Q,o,o,,,x,,,,,,,,,Not focused on software architecture
115,Security Deficiencies in the architecture and overview of Android and iOS mobile operating systems,"Jasek, Roman",Academic Conferences Limited,conferencePaper,2015,Q,o,,,x,,,,,,,,,,Not focused on Android
116,"A tablet-controlled, mesh-network security system: An architecture for a secure, mesh network of security and automation systems using arduino and zigbee controllers and an android tablet application","Lartigue, Jonathan W; McKinney, Christohper; Phelps, Richard; Rhodes, Richard; Rice, Andrew D; Ryder, Alexander",ACM,conferencePaper,2014,Q,o,o,,x,,,,,,,,,,Not focused on Android
117,Multi-architecture profiler for Android,"Sartor, Anderson Luiz; Beck, Antonio Carlos Schneider",,journalArticle,2017,Q,o,o,,,x,,,,,,,,,Not focused on software architecture
118,Introduction to Android application architecture,"MacLean, Dave; Komatineni, Satya; Allen, Grant",Springer,bookSection,2015,Q,o,,,,,,x,,,,,,,It's a book
119,CREATING A MOBILE APPLICATION ON ANDROID PLATFORM FOR AN E-LEARNING SYSTEM OF RESOURCE MANAGEMENT FOR A HISTORIC SITE WITH ARCHAEOLOGICAL AND ARCHITECTURAL COMPONENTS.,"Rădescu, Radu; Pavel, Victor",,journalArticle,2016,Q,o,o,,,x,,,,,,,,,Not focused on software architecture
120,Comparison of learning software architecture by developing social applications versus games on the android platform,"Wu, Bian; Wang, Alf Inge",,journalArticle,2012,Q,o,o,,x,x,,,,,,,,,
121,A System Architecture for Industrial Application based on the Android Mobile OS,"Sbaa, A; El Bejjet, R; Medromi, H",,journalArticle,2011,Q,o,,,,,,,,,,x,,,Not available
122,A Hybrid Software Architecture for Rich Media Applications on Android Phones,"Watanabe, Koji; Yamakami, Toshihiko; Ishiguro, Kunihiro",IEEE,conferencePaper,2011,Q,o,o,,x,x,,,,,,,,,
123,A new humanoid architecture for social interaction between human and a robot expressing human-like emotions using an android mobile device as interface,"Chella, Antonio; Sorbello, Rosario; Pilato, Giovanni; Vassallo, Giorgio; Giardina, Marcello",Springer,bookSection,2013,Q,o,o,,,,,,,,,,,,Not focused on Android or software architecture; Presents their own app
124,Java with Android updates: Android architecture,"Mahanti, S","Blogspot, http://java4freshers. blogspot. com/2012/02/android-architecture. html, accessed December",book,2012,Q,o,,,,,,,,,,x,,,Not available
125,Android system architecture,"KEBOMIX, BLOG","Kebomix Blog, http://kebomix. wordpress. com/2010/08/17/android-system-architecture/, accessed September",book,2014,Q,o,,,,,,,,,,x,,,Not available
126,A detailed view of the first android client application for the ilab shared architecture,"Deaky, Bogdan-Alexandru; Zutin, Danilo Garbi; Bailey, Philip H",IEEE,conferencePaper,2012,Q,o,o,,,,,,,,,,,,Not focused on Android or software architecture; Presents their own app
127,Cross-platform development for Sailfish OS and Android: Architectural patterns and “dictionary trainer” application case study,"Laure, Denis; Vasilyev, Andrey; Paramonov, Ilya; Kasatkina, Natalia",IEEE,conferencePaper,2016,Q,o,o,,x,,,,,,,,,,Not focused on only Android
128,OpenKeychain: An Architecture for Cryptography with Smart Cards and NFC Rings on Android,"Schürmann, Dominik; Dechand, Sergej; Wolf, Lars",,journalArticle,2017,Q,o,,,,x,,,,,,,,,Not focused on software architecture
129,Android File System Structure/Architecture/Layout Details. 2013,"Ranjan, Smruti",,journalArticle,,Q,o,,,,,,,,,,x,,,Not available
130,Android Architecture Patterns Part 1: Model-View-Controller,"Muntenescu, Florina",Medium,book,,Q,o,,,,,,,,,,x,,,Not available
131,Android architecture,"Hari, N; Prasad, B",,book,,Q,o,,,,,,,,,,x,,,Not available
132,Android Architecture For System Application Software Stack,"Al Salool, Anas",,book,2012,Q,o,,,,,,,,,,x,,,Not available
133,Android architecture: message-based MVC,"Memruk, I","Website (accessed April 26, 2014)",book,2010,Q,o,,,,,,,,,,x,,,Not available
134,Analysis of the Android Architecture-KIT,"Brahler, Stefan",,journalArticle,2010,Q,o,,,,,,,,,x,,,,Duplication of ID:1
135,Deciphering phone and embedded security-Part 1: Fundamentals of the Android architecture and terminologies,"Arora, M",,book,,Q,o,,,,,,,,,,x,,,Not available
136,Android system architecture and security mechanisms [J],"Hui, Zeng",,journalArticle,2012,Q,o,,,,,,,,,,x,,,Not available
137,"Mobile Devices-An Introduction to the Android Operating Environment Design, Architecture, and Performance Implications., DHTechnologies (2011)","Heger, DA",,book,,Q,o,o,,,,,x,,,,,,,It's a book
138,Speeding up the android* emulator on intel® architecture,"Stylianou, C",,book,2013,Q,o,,,,,,,,,,x,,,Not available
139,A new cooperative architecture for sharing services managed by secure elements controlled by android phones with IP objects,"Pascal, U; Christophe, K",,conferencePaper,2012,Q,o,o,,,x,,,,,,,,,Not focused on software architecture
140,Optimization for Android graphics system based on domestic Unicore architecture [J],"Ming, Ling; Jianping, Wu; Qi, Liu; Xiaodong, Yang; Yang, Zhang",,journalArticle,2012,Q,o,,,,,,,x,,,,,,Not in English; Duplication of ID:13
141,Web service clients on mobile android devices: A study on architectural alternatives and client performance,"Knutsen, Johannes",Institutt for datateknikk og informasjonsvitenskap,thesis,2009,Q,o,,,,,,,,x,,,,,Not peer-reviewed
142,A Multithreaded Architecture on Android to Efficiently Cater Integral Projections based Face Tracking Algorithm to Handheld Devices,"Kumar, Suman; Anand, Vijay",ICEMC2,book,2011,Q,o,o,,x,x,,,,,,,,,
143,Android on X86: An Introduction to Optimizing for Intel Architecture,"Krajci, Iggy; Cummings, Darren",Apress,book,2014,Q,o,o,,,,,x,,,,,,,It's a book
144,A robust software product line architecture for data collection in android platform,"Waku, Gustavo M; Bollis, Edson R; Rubira, Cecilia MF; Torres, Ricardo da S",IEEE,conferencePaper,2015,Q,o,o,,x,x,,,,,,,,,
145,Architecture of a mobile app recommender system for people with special needs,"Torres-Carazo, María Isabel; Rodríguez-Fórtiz, María José; Hurtado, María Visitación; Samos, José; Espín, Vanesa",Springer,conferencePaper,2014,Q,o,,,,,,,,,,x,,,Not available
146,Towards High Quality Mobile Applications: Android Passive MVC Architecture,"Sokolova, Karina; Lemercier, Marc; Garcia, Ludovic; Saint Luc, La Chapelle",,journalArticle,2014,Q,o,o,,x,x,,,,,,,,YES,
147,An architecture style for Android security analysis: poster,"Schmerl, Bradley; Gennari, Jeffrey; Garlan, David",ACM,conferencePaper,2015,Q,o,o,,,,,x,,,,,,,Poster
148,"Cloud-based mobile app testing framework: architecture, implementation and execution","Rojas, Isabel K Villanes; Meireles, Silvia; Dias-Neto, Arilo Claudio",ACM,conferencePaper,2016,Q,o,o,,,,,,,,x,,,YES,Not focused on Android or software architecture: Duplication of ID:39
149,Towards architectural styles for Android app software product lines,"Dürschmid, Tobias; Trapp, Matthias; Döllner, Jürgen",IEEE Press,conferencePaper,2017,Q,o,o,,x,x,,,,,,,,,
150,Architecture design of the farm produce traceability system based on the Android intelligent terminal,"WU, Er-wei; GAO, Lu-tao; YANG, Lin-nan; LI, Wen-feng; LIN, Er-sheng",,journalArticle,2011,Q,o,,,,,,,,,,x,,,Not available
151,Architecture modeling and analysis of security in android systems,"Schmerl, Bradley; Gennari, Jeff; Sadeghi, Alireza; Bagheri, Hamid; Malek, Sam; Cámara, Javier; Garlan, David",Springer,conferencePaper,2016,Q,o,o,,x,x,,,,,,,,,
152,An Android-based mobile 6LoWPAN network architecture for pervasive healthcare,"Kevin, I; Wang, Kai; Dubey, Shivank; Rajamohan, Ashwin; Salcic, Zoran",IEEE,conferencePaper,2015,Q,o,o,,x,,,,,,,,,,Not focused on Android; Presents their own app
153,An architecture for telenoid robot as empathic conversational android companion for elderly people,"Sorbello, Rosario; Chella, Antonio; Giardina, Marcello; Nishio, Shuichi; Ishiguro, Hiroshi",Springer,bookSection,2016,Q,o,,,,,,,,,,,,,Not focused on Android or software architecture
154,Android passive mvc: a novel architecture model for android application development. 2013,"SOKOLOVA, K; LEMERCIER, M; GARCIA, L",,book,,Q,o,o,,,,,,,,x,,,,Duplication of ID:146
155,Implementation of MVC(Model-View-Controller) Architectural to Academic Management Information System with Android Platform Base,"Pravina, P; Ni, L; Oka, K",,journalArticle,2012,Q,o,,,,,,,,,,x,,,Not available
156,Analysis of the Android Architecture,"Bellosa, Frank; Brahler, Stefan",,journalArticle,2010,Q,o,,,,,,,,,x,,,,Duplication of ID:1
157,Analysis report on Android Application Framework and existing Security Architecture,"Khan, S; Banuri, SHK; Nauman, M; Khan, S; Alam, M","Technical report, Security Engineering Research Group, Pakistan",report,2010,Q,o,,,,,,,,,,x,,,Not available
158,"A Comparison of Android Native App Architecture–MVC, MVP and MVVM","Lou, Tian; others","Thesis, Aalto University, Helsinki, Finland",thesis,2016,Q,o,,,,,,,,x,,,,,Not peer-reviewed
159,Patulous Code Reuse Attack: A novel code reuse attack on ARM architecture (A proof of concept on Android OS),"Aminmansour, Farzane; Shahriari, Hamid Reza",IEEE,conferencePaper,2015,Q,o,,,x,,,,,,,,,,Not focused on Android
160,Porting Android To Mips Architecture,"Hoang, Van Hien",,thesis,2011,Q,o,,,,,,,,x,,,,,Not peer-reviewed
161,Security and system architecture: Comparison of Android customizations,"Gallo, Roberto; Hongo, Patricia; Dahab, Ricardo; Navarro, Luiz C; Kawakami, Henrique; Galvão, Kaio; Junqueira, Glauber; Ribeiro, Luander",ACM,conferencePaper,2015,Q,o,o,o,x,,,,,,,,,,Considers a mix of Android arcthiectecure and Android OS
162,TV-centric gaming applications for Android OS: architecture and a framework,"Bjelica, Milan Z; Zdravkovic, Vladan; Punt, Marija; Teslic, Nikola",IEEE,conferencePaper,2013,Q,o,,,,,,,,,,,,,Not focused on Android; Presents their own app
163,An android malware detection architecture based on ensemble learning,"Ozdemir, Mehmet; Sogukpinar, Ibrahim",,journalArticle,2014,Q,o,,,,,,,,,,x,,,Not available
164,A novel scalable architecture on Android to cater end-2-end IMS services to audio video terminals,"Suman Kumar, SP; Anand, Vijay",,journalArticle,,Q,o,o,,,,,,,,x,,,,Duplication of ID:90
165,"Developing Mobile Game Graphics for Intel® Architecture-Based Android* Tablets, Part 1","Montgomery, CD",,book,,Q,o,,,,,,,,,,x,,,Not available
166,Determination and enforcement of least-privilege architecture in android,"Hammad, M; Bagheri, H; Malek, S",,journalArticle,,Q,o,o,,x,x,,,,,,,,,
167,Security issues in the Android cross-layer architecture,"Armando, Alessandro; Merlo, Alessio; Verderame, Luca",,journalArticle,2012,Q,o,o,,x,,,,,,,,,,Considers a mix of Android arcthiectecure and Android OS
168,A new cooperative architecture for sharing services managed by secure elements controlled by android phones with IP objects,"Urien, Pascal; Kiennert, Christophe",IEEE,conferencePaper,2012,Q,o,o,,,,,,,,,,,,Duplication of ID:139
169,Monitoring android for collaborative anomaly detection: A first architectural draft,"Schmidt, Aubrey-Derrick; Bye, Rainer; Schmidt, Hans-Gunther; Yksel, KA; Kiraz, Osman; Clausen, Jan; Raddatz, Karsten; Camtepe, Ahmet; Albayrak, Sahin",,journalArticle,2008,Q,o,o,,x,,,,,,,,,,Not focused on Android; Presents their own app
170,The android architecture,"Developers, Android","Android Developers, http://developer. android. com/, accessed March",book,2011,Q,o,,,,,,x,,,,,,,Tutorial/Book
171,Why Data needs more Attention in Architecture Design-Experiences from prototyping a large-scale mobile app ecosystem,"Naab, Matthias; Braun, Susanne; Lenhart, Torsten; Hess, Steffen; Eitel, Andreas; Magin, Dominik; Carbon, Ralf; Kiefer, Felix",IEEE,conferencePaper,2015,Q,o,o,,x,,,,,,,,,,Not focused on Android
172,Android Architecture (2011),"Developers, Android",,book,,Q,o,,,,,,x,,,,,,,Tutorial/Book; Duplication of ID:170
173,Towards Android clients for iLab Shared Architecture interactive laboratories,"Deaky, Bogdan-Alexandru; Bailey, Philip H",IEEE,conferencePaper,2012,Q,o,,,,,,,,,x,,,,Duplication of ID:126
174,A Novel Scalable Architecture for Efficient QoS to Cater IMS Services for Handheld Devices Based on Android,"Patel, Keyurkumar J; Anand, S Vijay",IEEE,conferencePaper,2010,Q,o,,,x,,,,,,,,,,Not focused on Android
175,Analysis of the Android Architecture. 2010,"Brahler, Stefan",,journalArticle,2013,Q,o,,,x,x,,,,,x,,,,Duplication of ID:1
176,An android tablet tool for enterprise architecture modeling in small and medium-sized enterprises,"Bernaert, Maxime; Maes, Joeri; Poels, Geert",Springer,conferencePaper,2013,Q,o,o,,x,,,,,,,,,,Not focused on Android
177,Architecture Sought After by Android,"Ito, Toyo",,journalArticle,1988,Q,o,,,,,,,,,,,,,Not available
178,Android Architecture,"Gunasekera, Sheran",Springer,bookSection,2012,Q,o,,,,,,x,,,,,,,It's a book
179,Android-Architecture,"Point, Tutorials",,journalArticle,2015,Q,o,,,,,,,,,,x,,,Not available
180,Android architecture,"John, SP",vol,book,2015,Q,o,,,,,,,,,,x,,,Not available
181,Analysis of the android architecture,"Brahler, Stefan",,journalArticle,2010,Q,o,,,,,,,,,x,,,,Duplication of ID:1
182,Research on architecture of multimedia and its design based on android,"Song, Maoqiang; Xiong, Wenkuo; Fu, Xiangling",IEEE,conferencePaper,2010,Q,o,,,,,,,,,,,,,Not focused on Android or software architecture
183,DELDroid: Determination and enforcement of least-privilege architecture in android,"Hammad, Mahmoud; Bagheri, Hamid; Malek, Sam",IEEE,conferencePaper,2017,Q,o,,,,,,,,,x,,,,Duplication of ID:166
184,Faust2android: a Faust architecture for Android,"Michon, Romain",,conferencePaper,2013,Q,o,o,,x,,,,,,,,,,Not focused on Android
185,Reference architecture for Android applications to support the detection of manipulated evidence,"Pieterse, H; Olivier, Martin S; Van Heerden, RP",,journalArticle,2016,Q,o,,,,,,,,,,x,,,Not available
186,An OSGi-based Service Oriented Architecture for Android Software Development Platforms,"Adjaz, Aghiles; Bouzefrane, Samia; Huang, Dijiang; Paradinas, Pierre",,conferencePaper,2011,Q,o,o,,x,x,,,,,,,,,
187,Android architecture: attacking the weak points,"Mansfield-Devine, Steve",,journalArticle,2012,Q,o,o,,,x,,,,,,,,,Not focused on software architecture
188,A cloud-based architecture to crowdsource mobile app privacy leaks,"Papamartzivanos, Dimitrios; Damopoulos, Dimitrios; Kambourakis, Georgios",ACM,conferencePaper,2014,Q,o,,,,,,,,,x,,,,Duplication of ID:78
189,Vnc architecture based remote desktop access through android mobile phones,"Jadhav, Archana; Oswal, Vipul; Madane, Sagar; Zope, Harshal; Hatmode, Vishal",,journalArticle,2012,Q,o,o,,x,,,,,,,,,,Not focused on Android
190,Network traffic analysis using android on a hybrid computing architecture,"Barbareschi, Mario; Mazzeo, Antonino; Vespoli, Antonino",Springer,conferencePaper,2013,Q,o,,,,,,x,,,,,,,It's a book
191,The Study of Android System Architecture and its Drivers [J],"Wei, HU",,journalArticle,2010,Q,o,,,,,,,,,,x,,,Not available
192,Android passive MVC: a novel architecture model for the android application development,"Sokolova, Karina; Lemercier, Marc; Garcia, Ludovic",,conferencePaper,2013,Q,o,o,,x,x,,,,,x,,,,Duplication of ID:146
193,An Android-based automotive middleware architecture for plug-and-play of applications,"Yoo, Jong-Woon; Lee, Youngwoo; Kim, Daesun; Park, Kyoungsoo",IEEE,conferencePaper,2012,Q,o,,,x,,,,,,,,,,Not focused on Android
194,Android Architecture.[online] 2013,"Guide, Android Developers",,journalArticle,,Q,o,,,,,,x,,,,,,,Tutorial/Book
195,"Mobile Devices-An Introduction to the Android Operating Environment Design, Architecture, and Performance Implications","Heger, Dominique A",,journalArticle,2012,Q,o,,,,,,,,,x,,,,Duplication of ID:137
196,Study of Android Architecture and Its Application Development,"Yao, Yumin; Liu, Weiguo",,journalArticle,2008,Q,o,,,,,,,,,,x,,,Not available
197,The first android client application for the ilab shared architecture,"Deaky, Bogdan-Alexandru; Zutin, Danilo Garbi; Bailey, Philip",,journalArticle,2012,Q,o,,,,,,,,,x,,,,Duplication of ID:126
198,ARM the architecture for Android,"Wang, Tom",ARM,book,,Q,o,,,,x,,,,,,,,,Not focused on software architecture
199,An OSGi-based Service Oriented Architecture for Android Software Development Platforms,"Bouzefrane, Samia; Huang, Dijiang; Paradinas, Pierre; others",Citeseer,conferencePaper,2011,Q,o,,,,,,,,,x,,,,Duplication of ID:186
200,Architecture of Android,"Kumar, Sunil",,journalArticle,2012,Q,o,,,,,,,,,,x,,,Not available
201,An in-vehicle infotainment software architecture based on google android,"Macario, Gianpaolo; Torchiano, Marco; Violante, Massimo",IEEE,conferencePaper,2009,Q,o,,,x,,,,,,,,,,Not focused on Android
202,The architecture design of streaming media applications for Android OS,"Zhao, Xueliang; Tian, Dan",IEEE,conferencePaper,2012,Q,o,o,,x,x,,,,,,,,,
203,A bluetooth-based architecture for android communication with an articulated robot,"van Delden, Sebastian; Whigham, Andrew",IEEE,conferencePaper,2012,Q,o,,,,,,,,,,,,,Not focused on Android or software architecture
204,"Mobile platform architecture review: android, iphone, qt","Lettner, Michael; Tschernuth, Michael; Mayrhofer, Rene",Springer,conferencePaper,2011,Q,o,,,x,,,,,,,,,,Not focused on Android
205,The research of Android System architecture and application programming,"Wang, Chao; Duan, Wei; Ma, Jianzhang; Wang, Chenhui",IEEE,conferencePaper,2011,Q,o,o,,x,,,,,,,,,,Focuses exclusively on trivial aspects of Android Architecture
206,Android security internals: An in-depth guide to Android's security architecture,"Elenkov, Nikolay",No Starch Press,book,2014,Q,o,,,,,,x,,,,,,,It's a book
,,,,,,Q,,,,,,,,,,,,,,
,,,,,,Q,,,,,,,,,,,,,,
,,,,,,Q,,,,,,,,,,,,,,
,,,,,,Q,,,,,,,,,,,,,,
,,,,,,Q,,,,,,,,,,,,,,
,,,,,,Q,,,,,,,,,,,,,,
,,,,,,Q,,,,,,,,,,,,,,
,,,,,,Q,,,,,,,,,,,,,,
,,,,,,Q,,,,,,,,,,,,,,
,,,,,,Q,,,,,,,,,,,,,,
,,,,,,Q,,,,,,,,,,,,,,
,,,,,,Q,,,,,,,,,,,,,,
,,,,,,Q,,,,,,,,,,,,,,
,,,,,,Q,,,,,,,,,,,,,,
,,,,,,Q,,,,,,,,,,,,,,
,,,,,,Q,,,,,,,,,,,,,,
,,,,,,Q,,,,,,,,,,,,,,
,,,,,,Q,,,,,,,,,,,,,,
,,,,,,Q,,,,,,,,,,,,,,
,,,,,,Q,,,,,,,,,,,,,,
,,,,,,Q,,,,,,,,,,,,,,
,,,,,,Q,,,,,,,,,,,,,,
,,,,,,Q,,,,,,,,,,,,,,
,,,,,,Q,,,,,,,,,,,,,,
,,,,,,Q,,,,,,,,,,,,,,
,,,,,,Q,,,,,,,,,,,,,,
,,,,,,Q,,,,,,,,,,,,,,
,,,,,,Q,,,,,,,,,,,,,,
,,,,,,Q,,,,,,,,,,,,,,
,,,,,,Q,,,,,,,,,,,,,,
,,,,,,Q,,,,,,,,,,,,,,
,,,,,,Q,,,,,,,,,,,,,,
,,,,,,Q,,,,,,,,,,,,,,
,,,,,,Q,,,,,,,,,,,,,,
,,,,,,Q,,,,,,,,,,,,,,
,,,,,,Q,,,,,,,,,,,,,,
,,,,,,Q,,,,,,,,,,,,,,
,,,,,,Q,,,,,,,,,,,,,,
,,,,,,Q,,,,,,,,,,,,,,
,,,,,,Q,,,,,,,,,,,,,,
,,,,,,Q,,,,,,,,,,,,,,
,,,,,,Q,,,,,,,,,,,,,,
,,,,,,Q,,,,,,,,,,,,,,
,,,,,,Q,,,,,,,,,,,,,,
,,,,,,Q,,,,,,,,,,,,,,
,,,,,,Q,,,,,,,,,,,,,,
,,,,,,Q,,,,,,,,,,,,,,
,,,,,,Q,,,,,,,,,,,,,,
,,,,,,Q,,,,,,,,,,,,,,
,,,,,,Q,,,,,,,,,,,,,,
,,,,,,Q,,,,,,,,,,,,,,
,,,,,,Q,,,,,,,,,,,,,,
,,,,,,Q,,,,,,,,,,,,,,
,,,,,,Q,,,,,,,,,,,,,,
,,,,,,Q,,,,,,,,,,,,,,
,,,,,,Q,,,,,,,,,,,,,,
,,,,,,Q,,,,,,,,,,,,,,
,,,,,,Q,,,,,,,,,,,,,,
,,,,,,Q,,,,,,,,,,,,,,
,,,,,,Q,,,,,,,,,,,,,,
,,,,,,Q,,,,,,,,,,,,,,
,,,,,,Q,,,,,,,,,,,,,,
,,,,,,Q,,,,,,,,,,,,,,
,,,,,,Q,,,,,,,,,,,,,,
,,,,,,Q,,,,,,,,,,,,,,
,,,,,,Q,,,,,,,,,,,,,,
,,,,,,Q,,,,,,,,,,,,,,
,,,,,,Q,,,,,,,,,,,,,,
,,,,,,Q,,,,,,,,,,,,,,
,,,,,,Q,,,,,,,,,,,,,,
,,,,,,Q,,,,,,,,,,,,,,
,,,,,,Q,,,,,,,,,,,,,,
,,,,,,Q,,,,,,,,,,,,,,
,,,,,,Q,,,,,,,,,,,,,,
,,,,,,Q,,,,,,,,,,,,,,
,,,,,,Q,,,,,,,,,,,,,,
,,,,,,Q,,,,,,,,,,,,,,
,,,,,,Q,,,,,,,,,,,,,,
,,,,,,Q,,,,,,,,,,,,,,
,,,,,,Q,,,,,,,,,,,,,,
,,,,,,Q,,,,,,,,,,,,,,
,,,,,,Q,,,,,,,,,,,,,,
,,,,,,Q,,,,,,,,,,,,,,
,,,,,,Q,,,,,,,,,,,,,,
,,,,,,Q,,,,,,,,,,,,,,
,,,,,,Q,,,,,,,,,,,,,,
,,,,,,Q,,,,,,,,,,,,,,
,,,,,,Q,,,,,,,,,,,,,,
,,,,,,Q,,,,,,,,,,,,,,
,,,,,,Q,,,,,,,,,,,,,,
,,,,,,Q,,,,,,,,,,,,,,
,,,,,,Q,,,,,,,,,,,,,,
,,,,,,Q,,,,,,,,,,,,,,
,,,,,,Q,,,,,,,,,,,,,,
,,,,,,Q,,,,,,,,,,,,,,
,,,,,,Q,,,,,,,,,,,,,,
,,,,,,Q,,,,,,,,,,,,,,
,,,,,,Q,,,,,,,,,,,,,,
,,,,,,Q,,,,,,,,,,,,,,
,,,,,,Q,,,,,,,,,,,,,,
,,,,,,Q,,,,,,,,,,,,,,
,,,,,,Q,,,,,,,,,,,,,,
,,,,,,Q,,,,,,,,,,,,,,
,,,,,,Q,,,,,,,,,,,,,,
,,,,,,Q,,,,,,,,,,,,,,
,,,,,,Q,,,,,,,,,,,,,,
,,,,,,Q,,,,,,,,,,,,,,
,,,,,,Q,,,,,,,,,,,,,,
,,,,,,Q,,,,,,,,,,,,,,
,,,,,,Q,,,,,,,,,,,,,,
,,,,,,Q,,,,,,,,,,,,,,
,,,,,,Q,,,,,,,,,,,,,,
,,,,,,Q,,,,,,,,,,,,,,
,,,,,,Q,,,,,,,,,,,,,,
,,,,,,Q,,,,,,,,,,,,,,
,,,,,,Q,,,,,,,,,,,,,,
,,,,,,Q,,,,,,,,,,,,,,
,,,,,,Q,,,,,,,,,,,,,,
,,,,,,Q,,,,,,,,,,,,,,
,,,,,,Q,,,,,,,,,,,,,,
,,,,,,Q,,,,,,,,,,,,,,
,,,,,,Q,,,,,,,,,,,,,,
,,,,,,Q,,,,,,,,,,,,,,
,,,,,,Q,,,,,,,,,,,,,,
,,,,,,Q,,,,,,,,,,,,,,
,,,,,,Q,,,,,,,,,,,,,,
,,,,,,Q,,,,,,,,,,,,,,
,,,,,,Q,,,,,,,,,,,,,,
,,,,,,Q,,,,,,,,,,,,,,
,,,,,,Q,,,,,,,,,,,,,,
,,,,,,Q,,,,,,,,,,,,,,
,,,,,,Q,,,,,,,,,,,,,,
,,,,,,Q,,,,,,,,,,,,,,
,,,,,,Q,,,,,,,,,,,,,,
,,,,,,Q,,,,,,,,,,,,,,
,,,,,,Q,,,,,,,,,,,,,,
,,,,,,Q,,,,,,,,,,,,,,
,,,,,,Q,,,,,,,,,,,,,,
,,,,,,Q,,,,,,,,,,,,,,
,,,,,,Q,,,,,,,,,,,,,,
,,,,,,Q,,,,,,,,,,,,,,
,,,,,,Q,,,,,,,,,,,,,,
,,,,,,Q,,,,,,,,,,,,,,
,,,,,,Q,,,,,,,,,,,,,,
,,,,,,Q,,,,,,,,,,,,,,
,,,,,,Q,,,,,,,,,,,,,,
,,,,,,Q,,,,,,,,,,,,,,
,,,,,,Q,,,,,,,,,,,,,,
,,,,,,Q,,,,,,,,,,,,,,
,,,,,,Q,,,,,,,,,,,,,,
,,,,,,Q,,,,,,,,,,,,,,
,,,,,,Q,,,,,,,,,,,,,,
,,,,,,Q,,,,,,,,,,,,,,
,,,,,,Q,,,,,,,,,,,,,,
,,,,,,Q,,,,,,,,,,,,,,
,,,,,,Q,,,,,,,,,,,,,,
,,,,,,Q,,,,,,,,,,,,,,
,,,,,,Q,,,,,,,,,,,,,,
,,,,,,Q,,,,,,,,,,,,,,
,,,,,,Q,,,,,,,,,,,,,,
,,,,,,Q,,,,,,,,,,,,,,
,,,,,,Q,,,,,,,,,,,,,,
,,,,,,Q,,,,,,,,,,,,,,
,,,,,,Q,,,,,,,,,,,,,,
,,,,,,Q,,,,,,,,,,,,,,
,,,,,,Q,,,,,,,,,,,,,,
,,,,,,Q,,,,,,,,,,,,,,
,,,,,,Q,,,,,,,,,,,,,,
,,,,,,Q,,,,,,,,,,,,,,
,,,,,,Q,,,,,,,,,,,,,,
,,,,,,Q,,,,,,,,,,,,,,
,,,,,,Q,,,,,,,,,,,,,,
,,,,,,Q,,,,,,,,,,,,,,
,,,,,,Q,,,,,,,,,,,,,,
,,,,,,Q,,,,,,,,,,,,,,
,,,,,,Q,,,,,,,,,,,,,,
,,,,,,Q,,,,,,,,,,,,,,
,,,,,,Q,,,,,,,,,,,,,,
,,,,,,Q,,,,,,,,,,,,,,
,,,,,,Q,,,,,,,,,,,,,,
,,,,,,Q,,,,,,,,,,,,,,
,,,,,,Q,,,,,,,,,,,,,,
,,,,,,Q,,,,,,,,,,,,,,
,,,,,,Q,,,,,,,,,,,,,,
,,,,,,Q,,,,,,,,,,,,,,
,,,,,,Q,,,,,,,,,,,,,,
,,,,,,Q,,,,,,,,,,,,,,
,,,,,,Q,,,,,,,,,,,,,,
,,,,,,Q,,,,,,,,,,,,,,
,,,,,,Q,,,,,,,,,,,,,,
,,,,,,Q,,,,,,,,,,,,,,
,,,,,,Q,,,,,,,,,,,,,,
,,,,,,Q,,,,,,,,,,,,,,
,,,,,,Q,,,,,,,,,,,,,,
,,,,,,Q,,,,,,,,,,,,,,
,,,,,,Q,,,,,,,,,,,,,,
,,,,,,Q,,,,,,,,,,,,,,
,,,,,,Q,,,,,,,,,,,,,,
,,,,,,Q,,,,,,,,,,,,,,
,,,,,,Q,,,,,,,,,,,,,,
,,,,,,Q,,,,,,,,,,,,,,
,,,,,,Q,,,,,,,,,,,,,,
,,,,,,Q,,,,,,,,,,,,,,
,,,,,,Q,,,,,,,,,,,,,,
,,,,,,Q,,,,,,,,,,,,,,
,,,,,,Q,,,,,,,,,,,,,,
,,,,,,Q,,,,,,,,,,,,,,
,,,,,,Q,,,,,,,,,,,,,,
,,,,,,Q,,,,,,,,,,,,,,
,,,,,,Q,,,,,,,,,,,,,,
,,,,,,Q,,,,,,,,,,,,,,
,,,,,,Q,,,,,,,,,,,,,,
,,,,,,Q,,,,,,,,,,,,,,
,,,,,,Q,,,,,,,,,,,,,,
,,,,,,Q,,,,,,,,,,,,,,
,,,,,,Q,,,,,,,,,,,,,,
,,,,,,Q,,,,,,,,,,,,,,
,,,,,,Q,,,,,,,,,,,,,,
,,,,,,Q,,,,,,,,,,,,,,
,,,,,,Q,,,,,,,,,,,,,,
,,,,,,Q,,,,,,,,,,,,,,
,,,,,,Q,,,,,,,,,,,,,,
,,,,,,Q,,,,,,,,,,,,,,
,,,,,,Q,,,,,,,,,,,,,,
,,,,,,Q,,,,,,,,,,,,,,
,,,,,,Q,,,,,,,,,,,,,,
,,,,,,Q,,,,,,,,,,,,,,
,,,,,,Q,,,,,,,,,,,,,,
,,,,,,Q,,,,,,,,,,,,,,
,,,,,,Q,,,,,,,,,,,,,,
,,,,,,Q,,,,,,,,,,,,,,
,,,,,,Q,,,,,,,,,,,,,,
,,,,,,Q,,,,,,,,,,,,,,
,,,,,,Q,,,,,,,,,,,,,,
,,,,,,Q,,,,,,,,,,,,,,
,,,,,,Q,,,,,,,,,,,,,,
,,,,,,Q,,,,,,,,,,,,,,
,,,,,,Q,,,,,,,,,,,,,,
,,,,,,Q,,,,,,,,,,,,,,
,,,,,,Q,,,,,,,,,,,,,,
,,,,,,Q,,,,,,,,,,,,,,
,,,,,,Q,,,,,,,,,,,,,,
,,,,,,Q,,,,,,,,,,,,,,
,,,,,,Q,,,,,,,,,,,,,,
,,,,,,Q,,,,,,,,,,,,,,
,,,,,,Q,,,,,,,,,,,,,,
,,,,,,Q,,,,,,,,,,,,,,
,,,,,,Q,,,,,,,,,,,,,,
,,,,,,Q,,,,,,,,,,,,,,
,,,,,,Q,,,,,,,,,,,,,,
,,,,,,Q,,,,,,,,,,,,,,
,,,,,,Q,,,,,,,,,,,,,,
,,,,,,Q,,,,,,,,,,,,,,
,,,,,,Q,,,,,,,,,,,,,,
,,,,,,Q,,,,,,,,,,,,,,
,,,,,,Q,,,,,,,,,,,,,,
,,,,,,Q,,,,,,,,,,,,,,
,,,,,,Q,,,,,,,,,,,,,,
,,,,,,Q,,,,,,,,,,,,,,
,,,,,,Q,,,,,,,,,,,,,,
,,,,,,Q,,,,,,,,,,,,,,
,,,,,,Q,,,,,,,,,,,,,,
,,,,,,Q,,,,,,,,,,,,,,
,,,,,,Q,,,,,,,,,,,,,,
,,,,,,Q,,,,,,,,,,,,,,
,,,,,,Q,,,,,,,,,,,,,,
,,,,,,Q,,,,,,,,,,,,,,
,,,,,,Q,,,,,,,,,,,,,,
,,,,,,Q,,,,,,,,,,,,,,
,,,,,,Q,,,,,,,,,,,,,,
,,,,,,Q,,,,,,,,,,,,,,
,,,,,,Q,,,,,,,,,,,,,,
,,,,,,Q,,,,,,,,,,,,,,
,,,,,,Q,,,,,,,,,,,,,,
,,,,,,Q,,,,,,,,,,,,,,
,,,,,,Q,,,,,,,,,,,,,,
,,,,,,Q,,,,,,,,,,,,,,
,,,,,,Q,,,,,,,,,,,,,,
,,,,,,Q,,,,,,,,,,,,,,
,,,,,,Q,,,,,,,,,,,,,,
,,,,,,Q,,,,,,,,,,,,,,
,,,,,,Q,,,,,,,,,,,,,,
,,,,,,Q,,,,,,,,,,,,,,
,,,,,,Q,,,,,,,,,,,,,,
,,,,,,Q,,,,,,,,,,,,,,
,,,,,,Q,,,,,,,,,,,,,,
,,,,,,Q,,,,,,,,,,,,,,
,,,,,,Q,,,,,,,,,,,,,,
,,,,,,Q,,,,,,,,,,,,,,
,,,,,,Q,,,,,,,,,,,,,,
,,,,,,Q,,,,,,,,,,,,,,
,,,,,,Q,,,,,,,,,,,,,,
,,,,,,Q,,,,,,,,,,,,,,
,,,,,,Q,,,,,,,,,,,,,,
,,,,,,Q,,,,,,,,,,,,,,
,,,,,,Q,,,,,,,,,,,,,,
,,,,,,Q,,,,,,,,,,,,,,
,,,,,,Q,,,,,,,,,,,,,,
,,,,,,Q,,,,,,,,,,,,,,
,,,,,,Q,,,,,,,,,,,,,,
,,,,,,Q,,,,,,,,,,,,,,
,,,,,,Q,,,,,,,,,,,,,,
,,,,,,Q,,,,,,,,,,,,,,
,,,,,,Q,,,,,,,,,,,,,,
,,,,,,Q,,,,,,,,,,,,,,
,,,,,,Q,,,,,,,,,,,,,,
,,,,,,Q,,,,,,,,,,,,,,
,,,,,,Q,,,,,,,,,,,,,,
,,,,,,Q,,,,,,,,,,,,,,
,,,,,,Q,,,,,,,,,,,,,,
,,,,,,Q,,,,,,,,,,,,,,
,,,,,,Q,,,,,,,,,,,,,,
,,,,,,Q,,,,,,,,,,,,,,
,,,,,,Q,,,,,,,,,,,,,,
,,,,,,Q,,,,,,,,,,,,,,
,,,,,,Q,,,,,,,,,,,,,,
,,,,,,Q,,,,,,,,,,,,,,
,,,,,,Q,,,,,,,,,,,,,,
,,,,,,Q,,,,,,,,,,,,,,
,,,,,,Q,,,,,,,,,,,,,,
,,,,,,Q,,,,,,,,,,,,,,
,,,,,,Q,,,,,,,,,,,,,,
,,,,,,Q,,,,,,,,,,,,,,
,,,,,,Q,,,,,,,,,,,,,,
,,,,,,Q,,,,,,,,,,,,,,
,,,,,,Q,,,,,,,,,,,,,,
,,,,,,Q,,,,,,,,,,,,,,
,,,,,,Q,,,,,,,,,,,,,,
,,,,,,Q,,,,,,,,,,,,,,
,,,,,,Q,,,,,,,,,,,,,,
,,,,,,Q,,,,,,,,,,,,,,
,,,,,,Q,,,,,,,,,,,,,,
,,,,,,Q,,,,,,,,,,,,,,
,,,,,,Q,,,,,,,,,,,,,,
,,,,,,Q,,,,,,,,,,,,,,
,,,,,,Q,,,,,,,,,,,,,,
,,,,,,Q,,,,,,,,,,,,,,
,,,,,,Q,,,,,,,,,,,,,,
,,,,,,Q,,,,,,,,,,,,,,
,,,,,,Q,,,,,,,,,,,,,,
,,,,,,Q,,,,,,,,,,,,,,
,,,,,,Q,,,,,,,,,,,,,,
,,,,,,Q,,,,,,,,,,,,,,
,,,,,,Q,,,,,,,,,,,,,,
,,,,,,Q,,,,,,,,,,,,,,
,,,,,,Q,,,,,,,,,,,,,,
,,,,,,Q,,,,,,,,,,,,,,
,,,,,,Q,,,,,,,,,,,,,,
,,,,,,Q,,,,,,,,,,,,,,
,,,,,,Q,,,,,,,,,,,,,,
,,,,,,Q,,,,,,,,,,,,,,
,,,,,,Q,,,,,,,,,,,,,,
,,,,,,Q,,,,,,,,,,,,,,
,,,,,,Q,,,,,,,,,,,,,,
,,,,,,Q,,,,,,,,,,,,,,
,,,,,,Q,,,,,,,,,,,,,,
,,,,,,Q,,,,,,,,,,,,,,
,,,,,,Q,,,,,,,,,,,,,,
,,,,,,Q,,,,,,,,,,,,,,
,,,,,,Q,,,,,,,,,,,,,,
,,,,,,Q,,,,,,,,,,,,,,
,,,,,,Q,,,,,,,,,,,,,,
,,,,,,Q,,,,,,,,,,,,,,
,,,,,,Q,,,,,,,,,,,,,,
,,,,,,Q,,,,,,,,,,,,,,
,,,,,,Q,,,,,,,,,,,,,,
,,,,,,Q,,,,,,,,,,,,,,
,,,,,,Q,,,,,,,,,,,,,,
,,,,,,Q,,,,,,,,,,,,,,
,,,,,,Q,,,,,,,,,,,,,,
,,,,,,Q,,,,,,,,,,,,,,
,,,,,,Q,,,,,,,,,,,,,,
,,,,,,Q,,,,,,,,,,,,,,
,,,,,,Q,,,,,,,,,,,,,,
,,,,,,Q,,,,,,,,,,,,,,
,,,,,,Q,,,,,,,,,,,,,,
,,,,,,Q,,,,,,,,,,,,,,
,,,,,,Q,,,,,,,,,,,,,,
,,,,,,Q,,,,,,,,,,,,,,
,,,,,,Q,,,,,,,,,,,,,,
,,,,,,Q,,,,,,,,,,,,,,
,,,,,,Q,,,,,,,,,,,,,,
,,,,,,Q,,,,,,,,,,,,,,
,,,,,,Q,,,,,,,,,,,,,,
,,,,,,Q,,,,,,,,,,,,,,
,,,,,,Q,,,,,,,,,,,,,,
,,,,,,Q,,,,,,,,,,,,,,
,,,,,,Q,,,,,,,,,,,,,,
,,,,,,Q,,,,,,,,,,,,,,
,,,,,,Q,,,,,,,,,,,,,,
,,,,,,Q,,,,,,,,,,,,,,
,,,,,,Q,,,,,,,,,,,,,,
,,,,,,Q,,,,,,,,,,,,,,
,,,,,,Q,,,,,,,,,,,,,,
,,,,,,Q,,,,,,,,,,,,,,
,,,,,,Q,,,,,,,,,,,,,,
,,,,,,Q,,,,,,,,,,,,,,
,,,,,,Q,,,,,,,,,,,,,,
,,,,,,Q,,,,,,,,,,,,,,
,,,,,,Q,,,,,,,,,,,,,,
,,,,,,Q,,,,,,,,,,,,,,
,,,,,,Q,,,,,,,,,,,,,,
,,,,,,Q,,,,,,,,,,,,,,
,,,,,,Q,,,,,,,,,,,,,,
,,,,,,Q,,,,,,,,,,,,,,
,,,,,,Q,,,,,,,,,,,,,,
,,,,,,Q,,,,,,,,,,,,,,
,,,,,,Q,,,,,,,,,,,,,,
,,,,,,Q,,,,,,,,,,,,,,
,,,,,,Q,,,,,,,,,,,,,,
,,,,,,Q,,,,,,,,,,,,,,
,,,,,,Q,,,,,,,,,,,,,,
,,,,,,Q,,,,,,,,,,,,,,
,,,,,,Q,,,,,,,,,,,,,,
,,,,,,Q,,,,,,,,,,,,,,
,,,,,,Q,,,,,,,,,,,,,,
,,,,,,Q,,,,,,,,,,,,,,
,,,,,,Q,,,,,,,,,,,,,,
,,,,,,Q,,,,,,,,,,,,,,
,,,,,,Q,,,,,,,,,,,,,,
,,,,,,Q,,,,,,,,,,,,,,
,,,,,,Q,,,,,,,,,,,,,,
,,,,,,Q,,,,,,,,,,,,,,
,,,,,,Q,,,,,,,,,,,,,,
,,,,,,Q,,,,,,,,,,,,,,
,,,,,,Q,,,,,,,,,,,,,,
,,,,,,Q,,,,,,,,,,,,,,
,,,,,,Q,,,,,,,,,,,,,,
,,,,,,Q,,,,,,,,,,,,,,
,,,,,,Q,,,,,,,,,,,,,,
,,,,,,Q,,,,,,,,,,,,,,
,,,,,,Q,,,,,,,,,,,,,,
,,,,,,Q,,,,,,,,,,,,,,
,,,,,,Q,,,,,,,,,,,,,,
,,,,,,Q,,,,,,,,,,,,,,
,,,,,,Q,,,,,,,,,,,,,,
,,,,,,Q,,,,,,,,,,,,,,
,,,,,,Q,,,,,,,,,,,,,,
,,,,,,Q,,,,,,,,,,,,,,
,,,,,,Q,,,,,,,,,,,,,,
,,,,,,Q,,,,,,,,,,,,,,
,,,,,,Q,,,,,,,,,,,,,,
,,,,,,Q,,,,,,,,,,,,,,
,,,,,,Q,,,,,,,,,,,,,,
,,,,,,Q,,,,,,,,,,,,,,
,,,,,,Q,,,,,,,,,,,,,,
,,,,,,Q,,,,,,,,,,,,,,
,,,,,,Q,,,,,,,,,,,,,,
,,,,,,Q,,,,,,,,,,,,,,
,,,,,,Q,,,,,,,,,,,,,,
,,,,,,Q,,,,,,,,,,,,,,
,,,,,,Q,,,,,,,,,,,,,,
,,,,,,Q,,,,,,,,,,,,,,
,,,,,,Q,,,,,,,,,,,,,,
,,,,,,Q,,,,,,,,,,,,,,
,,,,,,Q,,,,,,,,,,,,,,
,,,,,,Q,,,,,,,,,,,,,,
,,,,,,Q,,,,,,,,,,,,,,
,,,,,,Q,,,,,,,,,,,,,,
,,,,,,Q,,,,,,,,,,,,,,
,,,,,,Q,,,,,,,,,,,,,,
,,,,,,Q,,,,,,,,,,,,,,
,,,,,,Q,,,,,,,,,,,,,,
,,,,,,Q,,,,,,,,,,,,,,
,,,,,,Q,,,,,,,,,,,,,,
,,,,,,Q,,,,,,,,,,,,,,
,,,,,,Q,,,,,,,,,,,,,,
,,,,,,Q,,,,,,,,,,,,,,
,,,,,,Q,,,,,,,,,,,,,,
,,,,,,Q,,,,,,,,,,,,,,
,,,,,,Q,,,,,,,,,,,,,,
,,,,,,Q,,,,,,,,,,,,,,
,,,,,,Q,,,,,,,,,,,,,,
,,,,,,Q,,,,,,,,,,,,,,
,,,,,,Q,,,,,,,,,,,,,,
,,,,,,Q,,,,,,,,,,,,,,
,,,,,,Q,,,,,,,,,,,,,,
,,,,,,Q,,,,,,,,,,,,,,
,,,,,,Q,,,,,,,,,,,,,,
,,,,,,Q,,,,,,,,,,,,,,
,,,,,,Q,,,,,,,,,,,,,,
,,,,,,Q,,,,,,,,,,,,,,
,,,,,,Q,,,,,,,,,,,,,,
,,,,,,Q,,,,,,,,,,,,,,
,,,,,,Q,,,,,,,,,,,,,,
,,,,,,Q,,,,,,,,,,,,,,
,,,,,,Q,,,,,,,,,,,,,,
,,,,,,Q,,,,,,,,,,,,,,
,,,,,,Q,,,,,,,,,,,,,,
,,,,,,Q,,,,,,,,,,,,,,
,,,,,,Q,,,,,,,,,,,,,,
,,,,,,Q,,,,,,,,,,,,,,
,,,,,,Q,,,,,,,,,,,,,,
,,,,,,Q,,,,,,,,,,,,,,
,,,,,,Q,,,,,,,,,,,,,,
,,,,,,Q,,,,,,,,,,,,,,
,,,,,,Q,,,,,,,,,,,,,,
,,,,,,Q,,,,,,,,,,,,,,
,,,,,,Q,,,,,,,,,,,,,,
,,,,,,Q,,,,,,,,,,,,,,
,,,,,,Q,,,,,,,,,,,,,,
,,,,,,Q,,,,,,,,,,,,,,
,,,,,,Q,,,,,,,,,,,,,,
,,,,,,Q,,,,,,,,,,,,,,
,,,,,,Q,,,,,,,,,,,,,,
,,,,,,Q,,,,,,,,,,,,,,
,,,,,,Q,,,,,,,,,,,,,,
,,,,,,Q,,,,,,,,,,,,,,
,,,,,,Q,,,,,,,,,,,,,,
,,,,,,Q,,,,,,,,,,,,,,
,,,,,,Q,,,,,,,,,,,,,,
,,,,,,Q,,,,,,,,,,,,,,
,,,,,,Q,,,,,,,,,,,,,,
,,,,,,Q,,,,,,,,,,,,,,
,,,,,,Q,,,,,,,,,,,,,,
,,,,,,Q,,,,,,,,,,,,,,
,,,,,,Q,,,,,,,,,,,,,,
,,,,,,Q,,,,,,,,,,,,,,
,,,,,,Q,,,,,,,,,,,,,,
,,,,,,Q,,,,,,,,,,,,,,
,,,,,,Q,,,,,,,,,,,,,,
,,,,,,Q,,,,,,,,,,,,,,
,,,,,,Q,,,,,,,,,,,,,,
,,,,,,Q,,,,,,,,,,,,,,
,,,,,,Q,,,,,,,,,,,,,,
,,,,,,Q,,,,,,,,,,,,,,
,,,,,,Q,,,,,,,,,,,,,,
,,,,,,Q,,,,,,,,,,,,,,
,,,,,,Q,,,,,,,,,,,,,,
,,,,,,Q,,,,,,,,,,,,,,
,,,,,,Q,,,,,,,,,,,,,,
,,,,,,Q,,,,,,,,,,,,,,
,,,,,,Q,,,,,,,,,,,,,,
,,,,,,Q,,,,,,,,,,,,,,
,,,,,,Q,,,,,,,,,,,,,,
,,,,,,Q,,,,,,,,,,,,,,
,,,,,,Q,,,,,,,,,,,,,,
,,,,,,Q,,,,,,,,,,,,,,
,,,,,,Q,,,,,,,,,,,,,,
,,,,,,Q,,,,,,,,,,,,,,
,,,,,,Q,,,,,,,,,,,,,,
,,,,,,Q,,,,,,,,,,,,,,
,,,,,,Q,,,,,,,,,,,,,,
,,,,,,Q,,,,,,,,,,,,,,
,,,,,,Q,,,,,,,,,,,,,,
,,,,,,Q,,,,,,,,,,,,,,
,,,,,,Q,,,,,,,,,,,,,,
,,,,,,Q,,,,,,,,,,,,,,
,,,,,,Q,,,,,,,,,,,,,,
,,,,,,Q,,,,,,,,,,,,,,
,,,,,,Q,,,,,,,,,,,,,,
,,,,,,Q,,,,,,,,,,,,,,
,,,,,,Q,,,,,,,,,,,,,,
,,,,,,Q,,,,,,,,,,,,,,
,,,,,,Q,,,,,,,,,,,,,,
,,,,,,Q,,,,,,,,,,,,,,
,,,,,,Q,,,,,,,,,,,,,,
,,,,,,Q,,,,,,,,,,,,,,
,,,,,,Q,,,,,,,,,,,,,,
,,,,,,Q,,,,,,,,,,,,,,
,,,,,,Q,,,,,,,,,,,,,,
,,,,,,Q,,,,,,,,,,,,,,
,,,,,,Q,,,,,,,,,,,,,,
,,,,,,Q,,,,,,,,,,,,,,
,,,,,,Q,,,,,,,,,,,,,,
,,,,,,Q,,,,,,,,,,,,,,
,,,,,,Q,,,,,,,,,,,,,,
,,,,,,Q,,,,,,,,,,,,,,
,,,,,,Q,,,,,,,,,,,,,,
,,,,,,Q,,,,,,,,,,,,,,
,,,,,,Q,,,,,,,,,,,,,,
,,,,,,Q,,,,,,,,,,,,,,
,,,,,,Q,,,,,,,,,,,,,,
,,,,,,Q,,,,,,,,,,,,,,
,,,,,,Q,,,,,,,,,,,,,,
,,,,,,Q,,,,,,,,,,,,,,
,,,,,,Q,,,,,,,,,,,,,,
,,,,,,Q,,,,,,,,,,,,,,
,,,,,,Q,,,,,,,,,,,,,,
,,,,,,Q,,,,,,,,,,,,,,
,,,,,,Q,,,,,,,,,,,,,,
,,,,,,Q,,,,,,,,,,,,,,
,,,,,,Q,,,,,,,,,,,,,,
,,,,,,Q,,,,,,,,,,,,,,
,,,,,,Q,,,,,,,,,,,,,,
,,,,,,Q,,,,,,,,,,,,,,
,,,,,,Q,,,,,,,,,,,,,,
,,,,,,Q,,,,,,,,,,,,,,
,,,,,,Q,,,,,,,,,,,,,,
,,,,,,Q,,,,,,,,,,,,,,
,,,,,,Q,,,,,,,,,,,,,,
,,,,,,Q,,,,,,,,,,,,,,
,,,,,,Q,,,,,,,,,,,,,,
,,,,,,Q,,,,,,,,,,,,,,
,,,,,,Q,,,,,,,,,,,,,,
,,,,,,Q,,,,,,,,,,,,,,
,,,,,,Q,,,,,,,,,,,,,,
,,,,,,Q,,,,,,,,,,,,,,
,,,,,,Q,,,,,,,,,,,,,,
,,,,,,Q,,,,,,,,,,,,,,
,,,,,,Q,,,,,,,,,,,,,,
,,,,,,Q,,,,,,,,,,,,,,
,,,,,,Q,,,,,,,,,,,,,,
,,,,,,Q,,,,,,,,,,,,,,
,,,,,,Q,,,,,,,,,,,,,,
,,,,,,Q,,,,,,,,,,,,,,
,,,,,,Q,,,,,,,,,,,,,,
,,,,,,Q,,,,,,,,,,,,,,
,,,,,,Q,,,,,,,,,,,,,,
,,,,,,Q,,,,,,,,,,,,,,
,,,,,,Q,,,,,,,,,,,,,,
,,,,,,Q,,,,,,,,,,,,,,
,,,,,,Q,,,,,,,,,,,,,,
,,,,,,Q,,,,,,,,,,,,,,
,,,,,,Q,,,,,,,,,,,,,,
,,,,,,Q,,,,,,,,,,,,,,
,,,,,,Q,,,,,,,,,,,,,,
,,,,,,Q,,,,,,,,,,,,,,
,,,,,,Q,,,,,,,,,,,,,,
,,,,,,Q,,,,,,,,,,,,,,
,,,,,,Q,,,,,,,,,,,,,,
,,,,,,Q,,,,,,,,,,,,,,
,,,,,,Q,,,,,,,,,,,,,,
,,,,,,Q,,,,,,,,,,,,,,
,,,,,,Q,,,,,,,,,,,,,,
,,,,,,Q,,,,,,,,,,,,,,
,,,,,,Q,,,,,,,,,,,,,,
,,,,,,Q,,,,,,,,,,,,,,
,,,,,,Q,,,,,,,,,,,,,,
,,,,,,Q,,,,,,,,,,,,,,
,,,,,,Q,,,,,,,,,,,,,,
,,,,,,Q,,,,,,,,,,,,,,
,,,,,,Q,,,,,,,,,,,,,,
,,,,,,Q,,,,,,,,,,,,,,
,,,,,,Q,,,,,,,,,,,,,,
,,,,,,Q,,,,,,,,,,,,,,
,,,,,,Q,,,,,,,,,,,,,,
,,,,,,Q,,,,,,,,,,,,,,
,,,,,,Q,,,,,,,,,,,,,,
,,,,,,Q,,,,,,,,,,,,,,
,,,,,,Q,,,,,,,,,,,,,,
,,,,,,Q,,,,,,,,,,,,,,
,,,,,,Q,,,,,,,,,,,,,,
,,,,,,Q,,,,,,,,,,,,,,
,,,,,,Q,,,,,,,,,,,,,,
,,,,,,Q,,,,,,,,,,,,,,
,,,,,,Q,,,,,,,,,,,,,,
,,,,,,Q,,,,,,,,,,,,,,
,,,,,,Q,,,,,,,,,,,,,,
,,,,,,Q,,,,,,,,,,,,,,
,,,,,,Q,,,,,,,,,,,,,,
,,,,,,Q,,,,,,,,,,,,,,
,,,,,,Q,,,,,,,,,,,,,,
,,,,,,Q,,,,,,,,,,,,,,
,,,,,,Q,,,,,,,,,,,,,,
,,,,,,Q,,,,,,,,,,,,,,
,,,,,,Q,,,,,,,,,,,,,,
,,,,,,Q,,,,,,,,,,,,,,
,,,,,,Q,,,,,,,,,,,,,,
,,,,,,Q,,,,,,,,,,,,,,
,,,,,,Q,,,,,,,,,,,,,,
,,,,,,Q,,,,,,,,,,,,,,
,,,,,,Q,,,,,,,,,,,,,,
,,,,,,Q,,,,,,,,,,,,,,
,,,,,,Q,,,,,,,,,,,,,,
,,,,,,Q,,,,,,,,,,,,,,
,,,,,,Q,,,,,,,,,,,,,,
,,,,,,Q,,,,,,,,,,,,,,
,,,,,,Q,,,,,,,,,,,,,,
,,,,,,Q,,,,,,,,,,,,,,
,,,,,,Q,,,,,,,,,,,,,,
,,,,,,Q,,,,,,,,,,,,,,
,,,,,,Q,,,,,,,,,,,,,,
,,,,,,Q,,,,,,,,,,,,,,
,,,,,,Q,,,,,,,,,,,,,,
,,,,,,Q,,,,,,,,,,,,,,
,,,,,,Q,,,,,,,,,,,,,,
,,,,,,Q,,,,,,,,,,,,,,
,,,,,,Q,,,,,,,,,,,,,,
,,,,,,Q,,,,,,,,,,,,,,
,,,,,,Q,,,,,,,,,,,,,,
,,,,,,Q,,,,,,,,,,,,,,
,,,,,,Q,,,,,,,,,,,,,,
,,,,,,Q,,,,,,,,,,,,,,
,,,,,,Q,,,,,,,,,,,,,,
,,,,,,Q,,,,,,,,,,,,,,
,,,,,,Q,,,,,,,,,,,,,,
,,,,,,Q,,,,,,,,,,,,,,
,,,,,,Q,,,,,,,,,,,,,,
,,,,,,Q,,,,,,,,,,,,,,
,,,,,,Q,,,,,,,,,,,,,,
,,,,,,Q,,,,,,,,,,,,,,
,,,,,,Q,,,,,,,,,,,,,,
,,,,,,Q,,,,,,,,,,,,,,
,,,,,,Q,,,,,,,,,,,,,,
,,,,,,Q,,,,,,,,,,,,,,
,,,,,,Q,,,,,,,,,,,,,,
,,,,,,Q,,,,,,,,,,,,,,
,,,,,,Q,,,,,,,,,,,,,,
,,,,,,Q,,,,,,,,,,,,,,
,,,,,,Q,,,,,,,,,,,,,,
,,,,,,Q,,,,,,,,,,,,,,
,,,,,,Q,,,,,,,,,,,,,,
,,,,,,Q,,,,,,,,,,,,,,
,,,,,,Q,,,,,,,,,,,,,,
,,,,,,Q,,,,,,,,,,,,,,
,,,,,,Q,,,,,,,,,,,,,,
,,,,,,Q,,,,,,,,,,,,,,
,,,,,,Q,,,,,,,,,,,,,,
,,,,,,Q,,,,,,,,,,,,,,
,,,,,,Q,,,,,,,,,,,,,,
,,,,,,Q,,,,,,,,,,,,,,
,,,,,,Q,,,,,,,,,,,,,,
,,,,,,Q,,,,,,,,,,,,,,
,,,,,,Q,,,,,,,,,,,,,,
,,,,,,Q,,,,,,,,,,,,,,
,,,,,,Q,,,,,,,,,,,,,,
,,,,,,Q,,,,,,,,,,,,,,
,,,,,,Q,,,,,,,,,,,,,,
,,,,,,Q,,,,,,,,,,,,,,
,,,,,,Q,,,,,,,,,,,,,,
,,,,,,Q,,,,,,,,,,,,,,
,,,,,,Q,,,,,,,,,,,,,,
,,,,,,Q,,,,,,,,,,,,,,
,,,,,,Q,,,,,,,,,,,,,,
,,,,,,Q,,,,,,,,,,,,,,
,,,,,,Q,,,,,,,,,,,,,,
,,,,,,Q,,,,,,,,,,,,,,
,,,,,,Q,,,,,,,,,,,,,,
,,,,,,Q,,,,,,,,,,,,,,
,,,,,,Q,,,,,,,,,,,,,,
,,,,,,Q,,,,,,,,,,,,,,
,,,,,,Q,,,,,,,,,,,,,,
,,,,,,Q,,,,,,,,,,,,,,
,,,,,,Q,,,,,,,,,,,,,,
,,,,,,Q,,,,,,,,,,,,,,
,,,,,,Q,,,,,,,,,,,,,,
,,,,,,Q,,,,,,,,,,,,,,
,,,,,,Q,,,,,,,,,,,,,,
,,,,,,Q,,,,,,,,,,,,,,
,,,,,,Q,,,,,,,,,,,,,,
,,,,,,Q,,,,,,,,,,,,,,
,,,,,,Q,,,,,,,,,,,,,,
,,,,,,Q,,,,,,,,,,,,,,
,,,,,,Q,,,,,,,,,,,,,,
,,,,,,Q,,,,,,,,,,,,,,
,,,,,,Q,,,,,,,,,,,,,,
,,,,,,Q,,,,,,,,,,,,,,
,,,,,,Q,,,,,,,,,,,,,,
,,,,,,Q,,,,,,,,,,,,,,
,,,,,,Q,,,,,,,,,,,,,,
,,,,,,Q,,,,,,,,,,,,,,
,,,,,,Q,,,,,,,,,,,,,,
,,,,,,Q,,,,,,,,,,,,,,
,,,,,,Q,,,,,,,,,,,,,,
,,,,,,Q,,,,,,,,,,,,,,
,,,,,,Q,,,,,,,,,,,,,,
,,,,,,Q,,,,,,,,,,,,,,
,,,,,,Q,,,,,,,,,,,,,,
,,,,,,Q,,,,,,,,,,,,,,
,,,,,,Q,,,,,,,,,,,,,,
,,,,,,Q,,,,,,,,,,,,,,
,,,,,,Q,,,,,,,,,,,,,,
,,,,,,Q,,,,,,,,,,,,,,
,,,,,,Q,,,,,,,,,,,,,,
,,,,,,Q,,,,,,,,,,,,,,
,,,,,,Q,,,,,,,,,,,,,,
,,,,,,Q,,,,,,,,,,,,,,
,,,,,,Q,,,,,,,,,,,,,,
,,,,,,Q,,,,,,,,,,,,,,
,,,,,,Q,,,,,,,,,,,,,,
,,,,,,Q,,,,,,,,,,,,,,
,,,,,,Q,,,,,,,,,,,,,,
,,,,,,Q,,,,,,,,,,,,,,
,,,,,,Q,,,,,,,,,,,,,,
,,,,,,Q,,,,,,,,,,,,,,
,,,,,,Q,,,,,,,,,,,,,,
,,,,,,Q,,,,,,,,,,,,,,
,,,,,,Q,,,,,,,,,,,,,,
,,,,,,Q,,,,,,,,,,,,,,
,,,,,,Q,,,,,,,,,,,,,,
,,,,,,Q,,,,,,,,,,,,,,
,,,,,,Q,,,,,,,,,,,,,,
,,,,,,Q,,,,,,,,,,,,,,
,,,,,,Q,,,,,,,,,,,,,,
,,,,,,Q,,,,,,,,,,,,,,
,,,,,,Q,,,,,,,,,,,,,,
,,,,,,Q,,,,,,,,,,,,,,
,,,,,,Q,,,,,,,,,,,,,,
,,,,,,Q,,,,,,,,,,,,,,
,,,,,,Q,,,,,,,,,,,,,,
,,,,,,Q,,,,,,,,,,,,,,
,,,,,,Q,,,,,,,,,,,,,,